{
 "category": "Administration",
 "charts": [],
 "creation": "2020-03-02 14:53:24.980279",
 "developer_mode_only": 0,
 "disable_user_customization": 0,
 "docstatus": 0,
 "doctype": "Workspace",
 "extends_another_page": 0,
 "hide_custom": 0,
 "icon": "tool",
 "idx": 0,
 "is_standard": 1,
 "label": "Tools",
 "links": [
  {
   "hidden": 0,
   "is_query_report": 0,
   "label": "Tools",
   "onboard": 0,
   "type": "Card Break"
  },
  {
   "dependencies": "",
   "hidden": 0,
   "is_query_report": 0,
   "label": "To Do",
   "link_to": "ToDo",
   "link_type": "DocType",
   "onboard": 1,
   "type": "Link"
  },
  {
   "dependencies": "",
   "hidden": 0,
   "is_query_report": 0,
   "label": "Calendar",
   "link_to": "Event",
   "link_type": "DocType",
   "onboard": 1,
   "type": "Link"
  },
  {
   "dependencies": "",
   "hidden": 0,
   "is_query_report": 0,
   "label": "Note",
   "link_to": "Note",
   "link_type": "DocType",
   "onboard": 1,
   "type": "Link"
  },
  {
   "dependencies": "",
   "hidden": 0,
   "is_query_report": 0,
   "label": "Files",
   "link_to": "File",
   "link_type": "DocType",
   "onboard": 0,
   "type": "Link"
  },
  {
   "dependencies": "",
   "hidden": 0,
   "is_query_report": 0,
   "label": "Activity",
   "link_to": "activity",
   "link_type": "Page",
   "onboard": 0,
   "type": "Link"
  },
  {
   "hidden": 0,
   "is_query_report": 0,
   "label": "Email",
   "onboard": 0,
   "type": "Card Break"
  },
  {
   "dependencies": "",
   "hidden": 0,
   "is_query_report": 0,
   "label": "Newsletter",
   "link_to": "Newsletter",
   "link_type": "DocType",
   "onboard": 1,
   "type": "Link"
  },
  {
   "dependencies": "",
   "hidden": 0,
   "is_query_report": 0,
   "label": "Email Group",
   "link_to": "Email Group",
   "link_type": "DocType",
   "onboard": 0,
   "type": "Link"
  },
  {
   "hidden": 0,
   "is_query_report": 0,
   "label": "Automation",
   "onboard": 0,
   "type": "Card Break"
  },
  {
   "dependencies": "",
   "hidden": 0,
   "is_query_report": 0,
   "label": "Assignment Rule",
   "link_to": "Assignment Rule",
   "link_type": "DocType",
   "onboard": 0,
   "type": "Link"
  },
  {
   "dependencies": "",
   "hidden": 0,
   "is_query_report": 0,
   "label": "Milestone",
   "link_to": "Milestone",
   "link_type": "DocType",
   "onboard": 0,
   "type": "Link"
  },
  {
   "dependencies": "",
   "hidden": 0,
   "is_query_report": 0,
   "label": "Auto Repeat",
   "link_to": "Auto Repeat",
   "link_type": "DocType",
   "onboard": 0,
   "type": "Link"
  },
  {
   "hidden": 0,
   "is_query_report": 0,
   "label": "Event Streaming",
   "onboard": 0,
   "type": "Card Break"
  },
  {
   "dependencies": "",
   "hidden": 0,
   "is_query_report": 0,
   "label": "Event Producer",
   "link_to": "Event Producer",
   "link_type": "DocType",
   "onboard": 0,
   "type": "Link"
  },
  {
   "dependencies": "",
   "hidden": 0,
   "is_query_report": 0,
   "label": "Event Consumer",
   "link_to": "Event Consumer",
   "link_type": "DocType",
   "onboard": 0,
   "type": "Link"
  },
  {
   "dependencies": "",
   "hidden": 0,
   "is_query_report": 0,
   "label": "Event Update Log",
   "link_to": "Event Update Log",
   "link_type": "DocType",
   "onboard": 0,
   "type": "Link"
  },
  {
   "dependencies": "",
   "hidden": 0,
   "is_query_report": 0,
   "label": "Event Sync Log",
   "link_to": "Event Sync Log",
   "link_type": "DocType",
   "onboard": 0,
   "type": "Link"
  },
  {
   "dependencies": "",
   "hidden": 0,
   "is_query_report": 0,
   "label": "Document Type Mapping",
   "link_to": "Document Type Mapping",
   "link_type": "DocType",
   "onboard": 0,
   "type": "Link"
  }
 ],
 "modified": "2020-12-01 13:38:39.950350",
 "modified_by": "Administrator",
 "module": "Automation",
 "name": "Tools",
 "owner": "Administrator",
 "pin_to_bottom": 0,
 "pin_to_top": 0,
 "shortcuts": [
  {
   "label": "ToDo",
   "link_to": "ToDo",
   "type": "DocType"
  },
  {
   "label": "Note",
   "link_to": "Note",
   "type": "DocType"
  },
  {
   "label": "File",
   "link_to": "File",
   "type": "DocType"
  },
  {
   "label": "Assignment Rule",
   "link_to": "Assignment Rule",
   "type": "DocType"
  },
  {
   "label": "Auto Repeat",
   "link_to": "Auto Repeat",
   "type": "DocType"
  }
 ]
}